access_size, rnd_read_latency, seq_read_latency, rnd_write_latency, seq_write_latency,       rnd_r_l1_load, rnd_r_l1_miss, rnd_r_tlb_load, rnd_r_tlb_miss,       seq_r_l1_load, seq_r_l1_miss, seq_r_tlb_load, seq_r_tlb_miss,       rnd_w_l1_load, rnd_w_l1_miss, rnd_w_tlb_load, rnd_w_tlb_miss,       seq_w_l1_load, seq_w_l1_miss, seq_w_tlb_load, seq_w_tlb_miss, 
1, 20.014534, 22.147929, 20.035949, 20.145898,       49855170, 11851080, 49924446, 2640627,       50074304, 11862236, 50062493, 2641411,       40090264, 11870044, 40030370, 2047169,       40042248, 11843190, 40036124, 2096476,       
2, 29.730724, 26.455578, 32.591656, 24.845040,       69939410, 23629867, 69916943, 5226654,       70135894, 22446891, 70106272, 2672800,       50084562, 23892715, 50085156, 3990032,       50014653, 22377764, 50018126, 2245931,       
4, 55.327427, 40.566710, 62.649726, 42.963515,       109843733, 47086703, 109930503, 10456476,       110019453, 43655916, 110045297, 2739840,       70114348, 47815095, 70084372, 8242606,       69988496, 43779035, 70002460, 2282865,       
8, 106.054347, 79.443450, 124.700571, 82.999756,       189903248, 94788920, 189885155, 24364508,       189575925, 84810773, 189607047, 2854772,       110048483, 100137996, 110050466, 21618422,       110048984, 84151273, 110025305, 2179244,       
16, 232.315298, 140.523480, 277.981229, 151.192751,       349473007, 185010006, 349528515, 68265647,       349577863, 165189215, 349572393, 3074847,       190046632, 263694976, 190061481, 65995062,       189692118, 164779734, 189657385, 2028058,       
32, 525.657692, 226.812192, 667.920142, 237.822209,       668779006, 355803700, 668814796, 167699432,       669244618, 325290932, 669148649, 3215947,       349960874, 835174718, 350017776, 151399782,       349336307, 325079493, 349331890, 1984474,       
