access_size, rnd_read_latency, seq_read_latency, rnd_write_latency, seq_write_latency,       rnd_r_l1_load, rnd_r_l1_miss, rnd_r_tlb_load, rnd_r_tlb_miss,       seq_r_l1_load, seq_r_l1_miss, seq_r_tlb_load, seq_r_tlb_miss,       rnd_w_l1_load, rnd_w_l1_miss, rnd_w_tlb_load, rnd_w_tlb_miss,       seq_w_l1_load, seq_w_l1_miss, seq_w_tlb_load, seq_w_tlb_miss, 
1, 66.882045, 76.807490, 120.376216, 121.096919,       83670742, 17843771, 83530900, 2800712,       93881724, 17852832, 93749758, 2854705,       83830191, 16483560, 83772916, 2224488,       81801899, 13561876, 81866761, 2414740,       
2, 108.162841, 100.484217, 221.951013, 149.560291,       113642392, 29764575, 113496274, 5489688,       123592463, 28512367, 123563176, 2915097,       113568384, 27116688, 113659727, 4869252,       111966871, 23917558, 111823167, 2440975,       
4, 198.162511, 160.984271, 435.864495, 215.023450,       173551667, 53500761, 173755845, 10965594,       183687426, 51856306, 183755424, 3071619,       173645595, 48328103, 173787238, 8853253,       171820585, 48472209, 171874032, 2665261,       
8, 378.699368, 263.374918, 847.773407, 381.157389,       293587934, 100809744, 293602460, 21578281,       303202224, 90140863, 303174345, 3456037,       293371092, 91038782, 293207707, 19537407,       291646512, 87447777, 291559174, 2776947,       
16, 749.007664, 453.627775, 1669.923999, 695.054134,       532738433, 196739474, 532820683, 44325883,       542936361, 170770352, 542877419, 3452494,       533529002, 174775798, 533406076, 37762248,       531443404, 168089956, 531504377, 3053139,       
32, 1471.749223, 729.049787, 3349.221503, 1179.133812,       1012129197, 387183693, 1012177605, 88530307,       1022336074, 331808414, 1022455209, 3774383,       1012193528, 345596455, 1012423018, 78685605,       1010430774, 329719444, 1010482363, 3236684,       
