access_size, rnd_read_latency, seq_read_latency, rnd_write_latency, seq_write_latency,       rnd_r_l1_load, rnd_r_l1_miss, rnd_r_tlb_load, rnd_r_tlb_miss,       seq_r_l1_load, seq_r_l1_miss, seq_r_tlb_load, seq_r_tlb_miss,       rnd_w_l1_load, rnd_w_l1_miss, rnd_w_tlb_load, rnd_w_tlb_miss,       seq_w_l1_load, seq_w_l1_miss, seq_w_tlb_load, seq_w_tlb_miss, 
1, 58.691550, 73.835179, 148.142369, 135.539975,       30978102, 7230612, 30867249, 15804,       30632163, 7196643, 30501178, 13012,       35806413, 7148302, 35965215, 9232,       27940673, 6053892, 27849743, 4657,       
2, 99.529143, 83.740987, 344.532681, 221.923401,       35493300, 12158008, 35579300, 19802,       35587792, 12330384, 35452648, 12763,       46500351, 12049688, 46311318, 9695,       37973882, 11009046, 37828148, 5367,       
4, 183.578619, 145.491150, 752.994082, 316.011588,       45560865, 22174309, 46046118, 39040,       45551892, 22742336, 45586986, 18383,       65748016, 21766076, 65580402, 8445,       57723516, 20909226, 57944532, 5312,       
8, 350.878564, 217.301083, 1569.283060, 613.028035,       65590666, 42167240, 65487514, 41650,       65875408, 42476119, 65930121, 27468,       105612321, 41245820, 105668636, 10063,       97811501, 40746334, 98032228, 5648,       
16, 690.091465, 388.304148, 3164.369505, 1152.079514,       106197133, 82090439, 106101091, 74670,       105108646, 82639499, 105136835, 34501,       185782624, 80265268, 186024697, 11424,       177811326, 80424897, 177889882, 4988,       
32, 1371.982140, 658.544827, 6472.972646, 2198.690571,       185227524, 162069318, 185155895, 125071,       185662043, 162659817, 185689566, 35726,       345875375, 158065142, 345852897, 12440,       337902518, 159670726, 337954534, 5876,       
