access_size, rnd_read_latency, seq_read_latency, rnd_write_latency, seq_write_latency,       rnd_r_l1_load, rnd_r_l1_miss, rnd_r_tlb_load, rnd_r_tlb_miss,       seq_r_l1_load, seq_r_l1_miss, seq_r_tlb_load, seq_r_tlb_miss,       rnd_w_l1_load, rnd_w_l1_miss, rnd_w_tlb_load, rnd_w_tlb_miss,       seq_w_l1_load, seq_w_l1_miss, seq_w_tlb_load, seq_w_tlb_miss, 
1, 19.943573, 23.093015, 20.561335, 23.380073,       60112969, 11827656, 60047622, 2621044,       60090974, 11842908, 60222020, 2629826,       60178154, 11827989, 60075588, 2030805,       60044070, 11842770, 60094186, 2126386,       
2, 35.187581, 28.608770, 36.460465, 29.050738,       90074632, 23623422, 90094160, 5218905,       89981900, 22488653, 90045206, 2663454,       90108145, 23661970, 90046574, 4171271,       89968348, 22455337, 90048779, 2113992,       
4, 63.589909, 42.581970, 66.903558, 45.634352,       150079885, 47184148, 150060666, 10327726,       150086450, 44567073, 150060283, 2697042,       150035287, 47291342, 150023307, 7706401,       150015164, 44956379, 150009101, 2220720,       
8, 120.303777, 80.533156, 130.734867, 86.246084,       270065744, 94411861, 270113493, 20768621,       270092775, 84367876, 270020226, 2857808,       270057287, 94510767, 270140868, 15184510,       270021129, 85628054, 270009170, 2082176,       
16, 236.469016, 147.483648, 254.210703, 156.928022,       509844554, 189022396, 509878278, 41403342,       509710206, 165370891, 509725953, 3038013,       509144392, 189311026, 509160412, 29838048,       509624186, 166188460, 509649293, 2398390,       
32, 470.289826, 245.295023, 494.494786, 266.505135,       989323204, 377639911, 989316419, 83197632,       989226001, 325964069, 989098475, 3263398,       989553169, 377980227, 989645966, 61690052,       989442048, 327851667, 989371176, 2084640,       
