access_size, rnd_read_latency, seq_read_latency, rnd_write_latency, seq_write_latency,       rnd_r_l1_load, rnd_r_l1_miss, rnd_r_tlb_load, rnd_r_tlb_miss,       seq_r_l1_load, seq_r_l1_miss, seq_r_tlb_load, seq_r_tlb_miss,       rnd_w_l1_load, rnd_w_l1_miss, rnd_w_tlb_load, rnd_w_tlb_miss,       seq_w_l1_load, seq_w_l1_miss, seq_w_tlb_load, seq_w_tlb_miss, 
1, 27.234337, 34.947976, 26.437514, 30.915312,       15014129, 12478403, 15013824, 4996625,       14996028, 12461302, 14995761, 4996251,       15013356, 12446216, 15013377, 4258993,       14991221, 12459756, 14991222, 4475531,       
2, 54.606411, 37.314435, 50.450632, 40.907346,       20024072, 24924296, 20018089, 9994040,       19987219, 18055213, 19982173, 5000282,       19991646, 24914005, 20010681, 8522805,       19990494, 18048856, 19993534, 4495855,       
4, 96.801347, 55.100161, 98.322715, 63.932360,       30006261, 49809623, 30013582, 19990113,       29995929, 28841505, 29997112, 4995265,       29993370, 49816987, 29991452, 17142499,       29998839, 29045189, 30002064, 4299111,       
8, 189.135796, 93.434326, 188.240355, 117.060739,       50018721, 99545128, 50009716, 39969889,       49989986, 49732129, 50004529, 4998084,       49991249, 99557162, 49986172, 34111226,       49977376, 50824342, 49978292, 4421604,       
16, 377.725406, 171.780914, 369.795298, 209.729271,       90001559, 199493459, 90004257, 79934674,       90004467, 91031526, 90003831, 4997523,       89972634, 199385108, 89973293, 68260484,       89988130, 92079782, 89988716, 4510772,       
32, 753.398928, 264.937989, 740.615607, 322.397797,       170007653, 398198584, 169999532, 159855193,       169988928, 172336207, 169975803, 4994438,       169954720, 398340914, 169982717, 136403816,       169982240, 172632765, 169965450, 4419646,       
