access_size, rnd_read_latency, seq_read_latency, rnd_write_latency, seq_write_latency,       rnd_r_l1_load, rnd_r_l1_miss, rnd_r_tlb_load, rnd_r_tlb_miss,       seq_r_l1_load, seq_r_l1_miss, seq_r_tlb_load, seq_r_tlb_miss,       rnd_w_l1_load, rnd_w_l1_miss, rnd_w_tlb_load, rnd_w_tlb_miss,       seq_w_l1_load, seq_w_l1_miss, seq_w_tlb_load, seq_w_tlb_miss, 
1, 66.178570, 74.515219, 132.052588, 136.907052,       40477560, 7173808, 40691895, 27742,       30601692, 7206702, 30808170, 20918,       40641364, 7230465, 40674961, 31396,       37695769, 6123020, 37802104, 29461,       
2, 107.830383, 84.319736, 243.638473, 185.210620,       56043450, 12235663, 56293529, 23556,       35742964, 12324933, 35744155, 22842,       55608817, 12251422, 55696210, 31822,       53072279, 11227393, 53531622, 25964,       
4, 203.245697, 146.459165, 474.677780, 282.664911,       85678533, 22194110, 85674699, 44252,       45532148, 22748939, 45498065, 34889,       85510656, 22225910, 85560307, 56293,       82775485, 22075583, 82804066, 31978,       
8, 393.551431, 218.036766, 909.417143, 513.987685,       145593578, 42174272, 145663240, 66101,       65613412, 42458643, 65727298, 39979,       145611828, 42255884, 145652450, 113360,       142843527, 42985693, 142799783, 58592,       
16, 769.688185, 388.839047, 1817.156677, 1043.306284,       265705838, 82222964, 265594331, 163394,       105741132, 82630018, 105782679, 72455,       265699595, 82296977, 265733237, 186129,       262932147, 83198679, 262893841, 83139,       
32, 1509.156410, 659.237445, 3631.132392, 2105.457695,       505517942, 162163243, 505589181, 200361,       185699826, 162698668, 185659086, 49783,       505669963, 162370619, 506151509, 337387,       502954259, 163915891, 502931998, 192383,       
