access_size, rnd_read_r, rnd_read_w, seq_read_r, seq_read_w, rnd_write_r, rnd_write_w, seq_write_r, seq_write_w
1, 965.084, 0, 833.256, 0.000166973, 575.68, 569.854, 529.587, 521.706,
2, 1194.03, 0, 1277.64, 0, 626.683, 624.4, 797.412, 779.239,
4, 1284.62, 0, 1689.43, 0, 669.14, 667.262, 1132.05, 1017.59,
8, 1349.67, 0, 1964.19, 0, 671.441, 669.934, 1238.18, 1183.09,
16, 1385.95, 1.73789e-05, 4142.27, 0.00561713, 689.572, 689.179, 2326.39, 1264.1,
