access_size, rnd_read_latency, seq_read_latency, rnd_write_latency, seq_write_latency,       rnd_r_l1_load, rnd_r_l1_miss, rnd_r_tlb_load, rnd_r_tlb_miss,       seq_r_l1_load, seq_r_l1_miss, seq_r_tlb_load, seq_r_tlb_miss,       rnd_w_l1_load, rnd_w_l1_miss, rnd_w_tlb_load, rnd_w_tlb_miss,       seq_w_l1_load, seq_w_l1_miss, seq_w_tlb_load, seq_w_tlb_miss, 
1, 22.377013, 25.525737, 24.094173, 27.863762,       15032404, 11220788, 15020503, 5000710,       14982242, 11243295, 14986662, 4987116,       14978718, 11213582, 14977467, 4221940,       14964732, 11233187, 14996330, 4510218,       
2, 36.051135, 29.197206, 41.036771, 35.633357,       19997765, 22201390, 20038598, 9978170,       19997965, 16802799, 19968519, 4995075,       20013906, 22206264, 20014316, 8519716,       19970568, 16778043, 19997248, 4554626,       
4, 71.840602, 50.358668, 77.756918, 59.798520,       30021537, 44349165, 30021102, 19951176,       30005088, 27790385, 30005492, 4989951,       29978665, 44371238, 29978681, 17041776,       29989908, 28000388, 30015235, 4472613,       
8, 133.293022, 83.104201, 155.975006, 109.575271,       50019514, 88549874, 50013153, 39903167,       49994966, 49021890, 49989030, 4989705,       49995771, 88763888, 50016643, 33786322,       50007647, 50010806, 49985916, 4396351,       
16, 264.279864, 162.938938, 302.689076, 200.452832,       89993300, 177430792, 89994449, 79823223,       89974784, 90420030, 89976095, 4980115,       89997777, 177660920, 89997793, 67580873,       89978512, 91552664, 89959656, 4477958,       
32, 544.937789, 256.897636, 618.304402, 310.501579,       169980794, 354514189, 169981166, 159606197,       169959313, 171548137, 169959714, 4986198,       169968918, 354901414, 169968697, 135126919,       169926239, 171982064, 169926391, 4646472,       
