access_size, rnd_read_r, rnd_read_w, seq_read_r, seq_read_w, rnd_write_r, rnd_write_w, seq_write_r, seq_write_w
1, 1058.02, 0, 939.379, 0, 555.422, 555.344, 546.937, 546.862,
2, 1488.17, 0, 1497.43, 0, 657.09, 656.814, 847.68, 842.981,
4, 1521.76, 0, 1882.39, 0, 646.356, 646.276, 1321.03, 1220.2,
8, 1426.84, 0, 2332.5, 0.00573875, 645.361, 645.349, 1434.38, 1367.86,
16, 1270.28, 0.00157513, 4709.56, 0.00223571, 591.896, 591.876, 2917.2, 1517.23,
