access_size, rnd_read_latency, seq_read_latency, rnd_write_latency, seq_write_latency,       rnd_r_l1_load, rnd_r_l1_miss, rnd_r_tlb_load, rnd_r_tlb_miss,       seq_r_l1_load, seq_r_l1_miss, seq_r_tlb_load, seq_r_tlb_miss,       rnd_w_l1_load, rnd_w_l1_miss, rnd_w_tlb_load, rnd_w_tlb_miss,       seq_w_l1_load, seq_w_l1_miss, seq_w_tlb_load, seq_w_tlb_miss, 
1, 61.507246, 74.308844, 136.369142, 139.373705,       15004179, 5942080, 14995601, 1334599,       14995260, 5951241, 15007037, 1332088,       24998429, 6001535, 24993383, 997204,       30006354, 6000083, 30005455, 1212006,       
2, 103.411786, 85.928063, 260.573795, 195.646602,       19983537, 11900812, 19977129, 2682755,       19978464, 11250249, 19976578, 1371128,       39979467, 12020917, 39984588, 2073002,       44965412, 11333732, 44962055, 1181153,       
4, 188.793857, 149.965215, 492.161357, 300.035558,       29987360, 23659123, 29990602, 5241560,       29995595, 21853567, 29986814, 1355010,       70011906, 23913891, 70015345, 4386087,       75013105, 23468033, 75007379, 1202168,       
8, 361.599208, 224.029981, 973.679824, 529.197949,       49995163, 47263293, 50002191, 10459515,       49995687, 41617552, 49993810, 1382255,       130015211, 47800048, 130023058, 8614523,       135011606, 43270541, 135001121, 1345367,       
16, 713.809485, 398.010976, 1913.995718, 1063.681428,       90009573, 94712182, 90004457, 21011296,       89999713, 81956178, 89998347, 1442966,       250003282, 95746501, 250004184, 16182856,       254915985, 83845131, 254910893, 1445228,       
32, 1403.705198, 672.042911, 3795.415945, 2122.351823,       170001826, 189213828, 170008065, 41819612,       170008883, 162337970, 170007396, 1502750,       490057589, 191253307, 490058113, 32223151,       494964961, 164784299, 494974988, 1546014,       
