access_size, rnd_read_latency, seq_read_latency, rnd_write_latency, seq_write_latency,       rnd_r_l1_load, rnd_r_l1_miss, rnd_r_tlb_load, rnd_r_tlb_miss,       seq_r_l1_load, seq_r_l1_miss, seq_r_tlb_load, seq_r_tlb_miss,       rnd_w_l1_load, rnd_w_l1_miss, rnd_w_tlb_load, rnd_w_tlb_miss,       seq_w_l1_load, seq_w_l1_miss, seq_w_tlb_load, seq_w_tlb_miss, 
1, 34.881335, 36.240525, 36.056945, 36.761992,       15019679, 13600769, 15017384, 5001205,       15000603, 13588822, 14999385, 5001623,       19987999, 13593344, 19987552, 4396058,       14981863, 13579307, 15003654, 4326601,       
2, 67.964115, 41.684787, 70.755604, 47.670850,       30019996, 27168696, 30027964, 10001273,       19985991, 18951179, 19986982, 5157315,       35015175, 27159772, 35015757, 8720893,       19988676, 18966266, 19989121, 4422258,       
4, 133.051133, 54.606118, 137.572171, 75.040327,       60008707, 54290103, 60007968, 19997500,       29993739, 29478313, 29993197, 5310376,       64987523, 54309366, 64986150, 17482172,       29998671, 29541631, 29997920, 4410475,       
8, 262.457832, 89.377416, 261.514932, 134.224860,       120000173, 108556142, 119999051, 39998609,       49998660, 49990611, 49998107, 5623522,       124984155, 108592019, 124985390, 34672353,       49983733, 51032517, 49983568, 4814317,       
16, 569.089393, 216.075960, 606.899035, 260.349577,       240021377, 217282549, 240015013, 79997011,       90002388, 90605997, 90000211, 5576807,       245003147, 217425502, 245011924, 69528369,       90000160, 91699724, 89985355, 4683634,       
32, 1048.427592, 250.048053, 1175.193253, 373.924436,       479984946, 434378993, 479992283, 159961708,       170014740, 170832661, 170015438, 5157684,       484994137, 434598594, 484972585, 139303698,       169976091, 174223966, 169997624, 4527268,       
