access_size, rnd_read_latency, seq_read_latency, rnd_write_latency, seq_write_latency,       rnd_r_l1_load, rnd_r_l1_miss, rnd_r_tlb_load, rnd_r_tlb_miss,       seq_r_l1_load, seq_r_l1_miss, seq_r_tlb_load, seq_r_tlb_miss,       rnd_w_l1_load, rnd_w_l1_miss, rnd_w_tlb_load, rnd_w_tlb_miss,       seq_w_l1_load, seq_w_l1_miss, seq_w_tlb_load, seq_w_tlb_miss, 
1, 67.241352, 76.592936, 131.252470, 139.411956,       55309983, 14081738, 55362608, 2669363,       55602602, 14125508, 55411951, 2674386,       55550602, 12673423, 55498296, 2128480,       47777086, 11637077, 47761640, 2284119,       
2, 110.517608, 98.257362, 270.892522, 166.250916,       75097034, 25935669, 75192042, 5407769,       75677103, 24747850, 75574710, 2708619,       65574563, 23570616, 65595499, 4870978,       57512328, 21857680, 57626701, 2280928,       
4, 229.824508, 148.296236, 538.291967, 211.601590,       115270494, 49634369, 115291946, 10663624,       115812887, 46188457, 115780777, 2757857,       85542751, 46488210, 85529680, 9913171,       77908590, 42364613, 77748476, 2206606,       
8, 463.479849, 231.282157, 1164.238609, 377.366901,       195283021, 98207358, 195281526, 25621437,       195644218, 85553623, 195475801, 2808645,       125537180, 99195044, 125351820, 24251815,       117781185, 84910412, 117746319, 1899834,       
16, 1074.501489, 419.985852, 2541.205559, 701.004176,       355310446, 191178091, 355277154, 70949146,       355689129, 165282721, 355678938, 2883159,       205772866, 230650775, 205583186, 78490019,       197517833, 164818225, 197585831, 2113928,       
32, 2501.256162, 689.245629, 5914.298524, 1231.054955,       675426376, 366922848, 675414685, 178973600,       675620373, 325658672, 675693002, 3023805,       365997893, 481016601, 365782699, 149529346,       357507621, 324561758, 357474059, 2257883,       
