access_size, rnd_read_latency, seq_read_latency, rnd_write_latency, seq_write_latency,       rnd_r_l1_load, rnd_r_l1_miss, rnd_r_tlb_load, rnd_r_tlb_miss,       seq_r_l1_load, seq_r_l1_miss, seq_r_tlb_load, seq_r_tlb_miss,       rnd_w_l1_load, rnd_w_l1_miss, rnd_w_tlb_load, rnd_w_tlb_miss,       seq_w_l1_load, seq_w_l1_miss, seq_w_tlb_load, seq_w_tlb_miss, 
1, 67.104957, 76.147324, 133.675702, 140.518423,       55297403, 14083806, 55302615, 2664869,       55582462, 14093130, 55673074, 2675550,       55672052, 12896425, 55533734, 2141726,       47670039, 11767923, 47729720, 2405671,       
2, 114.497386, 98.524331, 257.651333, 163.979111,       74828457, 26104373, 74915976, 5525301,       75267476, 24863576, 75340988, 2759937,       65588804, 23702287, 65572554, 5050692,       57764770, 21925075, 57684827, 2340843,       
4, 238.135577, 148.317732, 523.030768, 217.957009,       115398697, 49509636, 115363148, 10593550,       115539113, 46225075, 115714364, 2727481,       85922880, 46662913, 85649938, 10478491,       77859489, 46042828, 77837229, 2417840,       
8, 498.727923, 230.528310, 1152.422304, 392.474021,       195518822, 98225500, 195554693, 25723851,       195609451, 85392195, 195760012, 2801389,       125758435, 100731806, 125635328, 25225892,       117885278, 85994111, 117961436, 2297159,       
16, 1192.172391, 418.798971, 2707.649122, 743.271596,       355042056, 191263516, 355134987, 71263669,       355455471, 165201284, 355489702, 2922928,       205646415, 241311744, 205613565, 78368985,       197853278, 167388601, 197805940, 2494596,       
32, 2771.537582, 698.286786, 6695.822305, 1284.333553,       674659466, 367877097, 674696737, 177402936,       674488727, 325964669, 674823248, 3080530,       365698432, 497824546, 365647890, 150012106,       357861017, 328105499, 357862285, 2517777,       
