access_size, rnd_read_latency, seq_read_latency, rnd_write_latency, seq_write_latency,       rnd_r_l1_load, rnd_r_l1_miss, rnd_r_tlb_load, rnd_r_tlb_miss,       seq_r_l1_load, seq_r_l1_miss, seq_r_tlb_load, seq_r_tlb_miss,       rnd_w_l1_load, rnd_w_l1_miss, rnd_w_tlb_load, rnd_w_tlb_miss,       seq_w_l1_load, seq_w_l1_miss, seq_w_tlb_load, seq_w_tlb_miss, 
1, 36.068798, 38.633961, 39.438179, 41.619255,       35045681, 13613177, 35012519, 5006281,       35005616, 13597016, 35010089, 4996729,       34972981, 13630885, 35030471, 4129746,       39974401, 13597056, 39974399, 4229855,       
2, 67.517429, 47.266678, 71.299999, 53.674277,       50026508, 27204660, 50028447, 10004810,       49996202, 18959664, 49997522, 5148668,       50005782, 27186783, 50005020, 8619933,       55008153, 18972547, 54957462, 4219000,       
4, 133.480051, 63.504172, 138.101548, 92.673329,       80046168, 54260315, 80047180, 19998447,       80008265, 29871185, 80006782, 5312571,       79971103, 54319630, 79970759, 17268369,       84972392, 30026593, 84973569, 4274507,       
8, 263.853838, 104.438371, 264.684009, 144.884853,       140037426, 108807325, 140028746, 40010520,       139968479, 50889701, 139961678, 5622988,       140008146, 108754990, 140013507, 34394168,       144973426, 50916963, 144972937, 4654780,       
16, 526.828549, 196.509781, 529.180555, 245.677212,       260033067, 217339741, 260033686, 79992407,       259986756, 91070926, 259986718, 5213223,       259981043, 217321033, 259975743, 68739218,       264968989, 91734151, 264972237, 4385093,       
32, 1045.607698, 311.580600, 1050.541115, 419.524264,       500039332, 434487080, 500031005, 159987472,       499949620, 171995563, 499948797, 5104009,       499985724, 434588598, 499984785, 137445354,       504994492, 175315963, 504962885, 3021300,       
